{"actions":[{"id":"Lay","state":"lay","precedence":100,"main":true,"geometryType":"horizontal","activePartSet":"figure","assetPartDefinition":"lay","prevents":["fx.1","fx.2","fx.3","fx.5","fx.6","fx.14","fx.15","fx.16","fx.17","fx.18","fx.19","fx.20","fx.21","fx.22","fx.26","fx.27","fx.31","fx.32","fx.33","fx.34","fx.35","fx.36","fx.38","fx.39","fx.45","fx.46","fx.47","fx.48","fx.53","fx.54","fx.55","fx.56","fx.57","fx.58","fx.60","fx.61","fx.62","fx.63","fx.64","fx.65","fx.66","fx.67","fx.69","fx.70","fx.71","fx.72","fx.73","fx.74","fx.75","fx.76","fx.78","fx.79","fx.80","fx.81","fx.82","fx.83","fx.84","fx.85","fx.86","fx.87","fx.88","fx.89","fx.90","fx.91","fx.92","fx.93","fx.94","fx.97","fx.99","fx.100","fx.101","fx.104","fx.105","fx.106","fx.107","fx.108","fx.109","fx.110","fx.111","fx.112","fx.113","fx.114","fx.115","fx.116","fx.117","fx.118","fx.119","fx.120","fx.121","fx.122","fx.123","fx.124","fx.125","fx.126","fx.127","fx.128","fx.129","fx.130","fx.131","fx.132","fx.133","fx.134","fx.135","fx.136","fx.137","fx.138","fx.139","fx.140","fx.141","fx.142","fx.143","fx.144","fx.145","fx.146","fx.147","fx.148","fx.149","fx.150","fx.151","fx.152","fx.153","fx.154","fx.155","fx.156","fx.157","fx.158","fx.159","fx.160","fx.161","fx.162","fx.164","fx.165","fx.166","fx.167","fx.168","fx.169","fx.171","fx.172","fx.173","fx.174","fx.175","fx.176","fx.177","fx.179","fx.180","fx.181","fx.182","fx.183","fx.184","fx.185","fx.186","fx.188","fx.189","fx.190","fx.191","fx.192","fx.193","fx.194","fx.195","fx.196","fx197","fx198","fx199","spk","gest","sml","sad","agr","srp","usei","cri","blow"]},{"id":"Float","state":"float","precedence":101,"main":true,"geometryType":"swim","activePartSet":"swim","assetPartDefinition":"sws","prevents":["fx.2","fx.3","fx.5","fx.6","fx.14","fx.15","fx.16","fx.17","fx.18","fx.19","fx.20","fx.21","fx.22","fx.23","fx.26","fx.27","fx.31","fx.32","fx.33","fx.34","fx.35","fx.36","fx.38","fx.39","fx.45","fx.46","fx.48","fx.54","fx.55","fx.56","fx.57","fx.58","fx.63","fx.65","fx.66","fx.69","fx.71","fx.72","fx.74","fx.75","fx.76","fx.89","fx.90","fx.91","fx.92","fx.94","fx.97","fx.99","fx.100","fx.101","fx.104","fx.105","fx.106","fx.107","fx.109","fx.110","fx.111","fx.113","fx.114","fx.115","fx.116","fx.117","fx.118","fx.119","fx.120","fx.121","fx.122","fx.123","fx.124","fx.125","fx.127","fx.129","fx.130","fx.131","fx.132","fx.134","fx.135","fx.136","fx.139","fx.140","fx.141","fx.142","fx.143","fx.144","fx.145","fx.146","fx.147","fx.148","fx.149","fx.150","fx.151","fx.152","fx.153","fx.154","fx.155","fx.156","fx.157","fx.158","fx.159","fx.160","fx.161","fx.162","fx.164","fx.165","fx.166","fx.167","fx.168","fx.169","fx.170","fx.171","fx.172","fx.173","fx.174","fx.175","fx.176","fx.177","fx.102","fx.178","fx.179","fx.180","fx.181","fx.182","fx.183","fx.186","fx.188","fx.189","fx.190","fx.191","fx.192","fx.193","fx.194","fx.195","fx.196","fx197","fx198","fx199","dance","usei","cri","sign"]},{"id":"Swim","state":"swim","precedence":102,"main":true,"geometryType":"swim","activePartSet":"swim","assetPartDefinition":"swm","prevents":["fx.2","fx.3","fx.5","fx.6","fx.14","fx.15","fx.16","fx.17","fx.18","fx.19","fx.20","fx.21","fx.22","fx.23","fx.26","fx.27","fx.32","fx.33","fx.34","fx.35","fx.36","fx.38","fx.39","fx.45","fx.46","fx.48","fx.54","fx.55","fx.56","fx.57","fx.58","fx.63","fx.65","fx.66","fx.69","fx.71","fx.72","fx.74","fx.75","fx.76","fx.89","fx.90","fx.91","fx.92","fx.94","fx.97","fx.100","fx.101","fx.104","fx.105","fx.106","fx.107","fx.109","fx.110","fx.111","fx.113","fx.114","fx.115","fx.116","fx.117","fx.118","fx.119","fx.120","fx.121","fx.122","fx.123","fx.124","fx.125","fx.127","fx.129","fx.130","fx.131","fx.132","fx.134","fx.135","fx.136","fx.139","fx.140","fx.141","fx.142","fx.143","fx.144","fx.145","fx.146","fx.147","fx.148","fx.149","fx.150","fx.151","fx.152","fx.153","fx.154","fx.155","fx.156","fx.157","fx.158","fx.159","fx.160","fx.161","fx.162","fx.164","fx.165","fx.166","fx.167","fx.168","fx.168","fx.170","fx.171","fx.172","fx.173","fx.174","fx.175","fx.176","fx.177","fx.102","fx.178","fx.179","fx.180","fx.181","fx.182","fx.183","fx.186","fx.188","fx.189","fx.190","fx.191","fx.192","fx.193","fx.194","fx.195","fx.196","fx197","fx198","fx199","dance","usei","cri","sign"]},{"id":"Sit","state":"sit","precedence":103,"main":true,"geometryType":"sitting","activePartSet":"sit","assetPartDefinition":"sit","prevents":["fx.2","fx.3","fx.6","fx.14","fx.15","fx.17","fx.18","fx.19","fx.20","fx.21","fx.22","fx.33","fx.34","fx.35","fx.36","fx.38","fx.39","fx.48","fx.54","fx.55","fx.56","fx.69","fx.71","fx.72","fx.92","fx.94","fx.97","fx.100","fx.104","fx.115","fx.117","fx.132","fx.134","fx.135","fx.136","fx.140","fx.156","fx.174","fx.175","fx.176","fx.188","fx.189","fx.190","fx.191","fx.193","fx.194","fx.195","fx197","fx198","fx199","dance"]},{"id":"RideJump","state":"ridejump","precedence":144,"animation":true,"main":true,"geometryType":"vertical","activePartSet":"figure","assetPartDefinition":"std","startFromFrameZero":true},{"id":"Respect","state":"respect","precedence":204,"geometryType":"vertical","activePartSet":"handLeft","assetPartDefinition":"respect","startFromFrameZero":true,"prevents":["dance"]},{"id":"Wave","state":"wave","precedence":205,"geometryType":"vertical","activePartSet":"handLeft","assetPartDefinition":"wave","prevents":["dance"]},{"id":"Sign","state":"sign","precedence":210,"geometryType":"vertical","activePartSet":"handLeft","assetPartDefinition":"sig","prevents":["dance"]},{"id":"Blow","state":"blow","precedence":211,"geometryType":"vertical","activePartSet":"handRightAndHead","assetPartDefinition":"blw","startFromFrameZero":true,"preventHeadTurn":true,"prevents":["dance"]},{"id":"Laugh","state":"laugh","precedence":211,"geometryType":"vertical","activePartSet":"handRightAndHead","assetPartDefinition":"lgh","startFromFrameZero":true,"preventHeadTurn":true,"prevents":["dance"]},{"id":"Idle","state":"idle","precedence":211,"geometryType":"vertical","activePartSet":"head","assetPartDefinition":"idl","preventHeadTurn":true,"prevents":["dance"]},{"id":"AvatarEffect","state":"fx","precedence":220,"geometryType":"vertical","animation":true,"assetPartDefinition":"std","prevents":["dance","blow","laugh"],"types":[{"id":1,"animated":false},{"id":"5","prevents":["usei","cri"]},{"id":"11","animated":false},{"id":"12","animated":false},{"id":"13","animated":false},{"id":"16","animated":false,"prevents":["usei","cri"]},{"id":"19","animated":false},{"id":"20","animated":false},{"id":"21","animated":false},{"id":"22","animated":false},{"id":"26","prevents":["usei","cri"]},{"id":"27","animated":false},{"id":"28","prevents":["usei","cri","wave","sign"]},{"id":"29","prevents":["usei","cri","wave","sign"]},{"id":"31","animated":false},{"id":"32","animated":false,"preventHeadTurn":true},{"id":"33","preventHeadTurn":true,"prevents":["Sleep","gest","sml","sad","agr","srp"]},{"id":"34","preventHeadTurn":true,"prevents":["Sleep","gest","sml","sad","agr","srp"]},{"id":"35","preventHeadTurn":true,"prevents":["Sleep","gest","sml","sad","agr","srp"]},{"id":"36","preventHeadTurn":true,"prevents":["Sleep","gest","sml","sad","agr","srp"]},{"id":"38","animated":false},{"id":"39","animated":false},{"id":"40","animated":false},{"id":"41","animated":false},{"id":"42","animated":false},{"id":"43","animated":false},{"id":"47","animated":false},{"id":"48","animated":false},{"id":"55","animated":false},{"id":"56","animated":false},{"id":"57","animated":false},{"id":"58","animated":false},{"id":"60","animated":false},{"id":"64","prevents":["usei,cri"]},{"id":"69","animated":false},{"id":"71","animated":false},{"id":"72","animated":false},{"id":"74","animated":false},{"id":"75","animated":false},{"id":"76","animated":false},{"id":"79","animated":false,"preventHeadTurn":true},{"id":"80","animated":false,"preventHeadTurn":true},{"id":"81","animated":false,"preventHeadTurn":true},{"id":"82","animated":false,"preventHeadTurn":true},{"id":"83","animated":false,"preventHeadTurn":true},{"id":"84","animated":false,"preventHeadTurn":true},{"id":"85","animated":false,"preventHeadTurn":true},{"id":"86","animated":false,"preventHeadTurn":true},{"id":"87","animated":false,"preventHeadTurn":true},{"id":"88","animated":false,"preventHeadTurn":true},{"id":"89","animated":false},{"id":"90","animated":false},{"id":"91","animated":false},{"id":"94","animated":false},{"id":"97"},{"id":"100","animated":false},{"id":"101","animated":true,"prevents":["usei","cri"]},{"id":"102","animated":true},{"id":"104","animated":false},{"id":"105","animated":false},{"id":"106","prevents":["usei","cri"]},{"id":"107","animated":false,"prevents":["usei","cri","wave"]},{"id":"108","animated":true,"prevents":["wave","sign","sit","Swim"]},{"id":"109","animated":false},{"id":"110","animated":false},{"id":"111","animated":false},{"id":"114","prevents":["usei","cri","wave","sign"]},{"id":"115","animated":false,"preventHeadTurn":true,"prevents":["usei","cri","wave","sign","Sleep","gest","sml","sad","agr","srp"]},{"id":"116","animated":false},{"id":"117","animated":false,"preventHeadTurn":true},{"id":"118","animated":false,"preventHeadTurn":true},{"id":"119","animated":false,"preventHeadTurn":true},{"id":"120","animated":true,"preventHeadTurn":true},{"id":"121","animated":false,"preventHeadTurn":true},{"id":"122","animated":true,"preventHeadTurn":true},{"id":"123","animated":true,"preventHeadTurn":true},{"id":"124","animated":false,"preventHeadTurn":true},{"id":"125","animated":true,"preventHeadTurn":true},{"id":"126","animated":false,"preventHeadTurn":true},{"id":"127","animated":false,"preventHeadTurn":true},{"id":"128","animated":false,"preventHeadTurn":true},{"id":"129","animated":false},{"id":"130","animated":false},{"id":"131","animated":false},{"id":"132","animated":true,"preventHeadTurn":true},{"id":"134","animated":false},{"id":"135","animated":false,"preventHeadTurn":true},{"id":"136","animated":true},{"id":"137","animated":false},{"id":"138","animated":false,"preventHeadTurn":true},{"id":"139","animated":true,"prevents":["usei","cri"]},{"id":"140","animated":true},{"id":"141","animated":false,"preventHeadTurn":true},{"id":"142","animated":false,"preventHeadTurn":true},{"id":"143","animated":false,"preventHeadTurn":true},{"id":"144","animated":false,"preventHeadTurn":true},{"id":"145","animated":false,"preventHeadTurn":true},{"id":"146","animated":false,"preventHeadTurn":true},{"id":"147","animated":false,"preventHeadTurn":true},{"id":"148","animated":false,"preventHeadTurn":true},{"id":"149","animated":false,"preventHeadTurn":true},{"id":"150","animated":false,"preventHeadTurn":true},{"id":"151","animated":false,"preventHeadTurn":true},{"id":"152","animated":false,"preventHeadTurn":true},{"id":"153","animated":false,"preventHeadTurn":true},{"id":"154","animated":false},{"id":"155","animated":false},{"id":"156","animated":true},{"id":"157","animated":true,"preventHeadTurn":true},{"id":"158","animated":false,"prevents":["usei","cri"],"preventHeadTurn":true},{"id":"159","animated":false},{"id":"160","animated":false,"preventHeadTurn":true,"prevents":["usei"]},{"id":"161","animated":false,"preventHeadTurn":true,"prevents":["usei","cri"]},{"id":"162","animated":false,"prevents":["usei","cri"]},{"id":"164","animated":false,"prevents":["usei","cri"]},{"id":"165","animated":true},{"id":"166","animated":false,"preventHeadTurn":true},{"id":"167","animated":false,"preventHeadTurn":true},{"id":"168","animated":true},{"id":"169","animated":true},{"id":"170","animated":true,"prevents":["usei","cri","wave","sign"]},{"id":"171","animated":false,"preventHeadTurn":true,"prevents":["usei"]},{"id":"172","animated":true,"preventHeadTurn":true,"prevents":["usei"]},{"id":"173","animated":true,"preventHeadTurn":true,"prevents":["usei"]},{"id":"175","animated":true},{"id":"176","animated":true},{"id":"177","animated":false,"preventHeadTurn":true,"prevents":["usei"]},{"id":"178","animated":true},{"id":"179","animated":true,"preventHeadTurn":true,"prevents":["usei"]},{"id":"180","animated":false,"preventHeadTurn":true},{"id":"181","animated":false,"preventHeadTurn":true},{"id":"182","animated":false,"prevents":["usei","cri"]},{"id":"183","animated":false,"prevents":["usei","cri"]},{"id":"184","animated":true,"prevents":["usei","cri","wave","sign"]},{"id":"185","animated":true,"prevents":["usei","cri","wave","sign"]},{"id":"186","animated":true,"prevents":["usei","cri"]},{"id":"187","animated":true},{"id":"188","animated":true,"prevents":["usei","cri","wave","sign"]},{"id":"189","animated":true,"prevents":["usei","cri","wave","sign","respect"]},{"id":"190","animated":true,"prevents":["usei","cri","wave","sign","respect"]},{"id":"191","animated":true},{"id":"192","animated":false,"prevents":["usei","cri"]},{"id":"193","animated":true},{"id":"194","animated":true},{"id":"195","animated":true},{"id":"196","animated":true,"prevents":["usei","cri"]},{"id":"198","animated":true,"prevents":["usei","cri","wave","sign","respect"]}]},{"id":"Dance","state":"dance","precedence":230,"geometryType":"vertical","activePartSet":"figure","animation":true,"assetPartDefinition":"std","prevents":["cri","usei"]},{"id":"UseItem","state":"usei","preventHeadTurn":true,"precedence":200,"geometryType":"vertical","activePartSet":"handRight","assetPartDefinition":"drk","params":[{"id":"default","value":"1"},{"id":"1","value":"6"},{"id":"2","value":"6"},{"id":"3","value":"2"},{"id":"4","value":"3"},{"id":"8","value":"6"},{"id":"9","value":"6"},{"id":"10","value":"6"},{"id":"11","value":"6"},{"id":"12","value":"6"},{"id":"13","value":"6"},{"id":"14","value":"6"},{"id":"15","value":"6"},{"id":"16","value":"6"},{"id":"17","value":"6"},{"id":"18","value":"1"},{"id":"19","value":"5"},{"id":"20","value":"75"},{"id":"21","value":"4"},{"id":"22","value":"7"},{"id":"23","value":"8"},{"id":"24","value":"667"},{"id":"25","value":"9"},{"id":"26","value":"33"},{"id":"27","value":"6"},{"id":"28","value":"42"},{"id":"29","value":"43"},{"id":"30","value":"44"},{"id":"31","value":"45"},{"id":"32","value":"45"},{"id":"33","value":"5"},{"id":"34","value":"46"},{"id":"35","value":"47"},{"id":"36","value":"50"},{"id":"37","value":"51"},{"id":"38","value":"52"},{"id":"39","value":"53"},{"id":"40","value":"54"},{"id":"41","value":"6"},{"id":"42","value":"48"},{"id":"43","value":"55"},{"id":"44","value":"56"},{"id":"45","value":"57"},{"id":"46","value":"58"},{"id":"47","value":"59"},{"id":"48","value":"60"},{"id":"49","value":"61"},{"id":"50","value":"62"},{"id":"51","value":"63"},{"id":"52","value":"64"},{"id":"53","value":"65"},{"id":"54","value":"66"},{"id":"55","value":"67"},{"id":"56","value":"64"},{"id":"57","value":"43"},{"id":"58","value":"68"},{"id":"59","value":"69"},{"id":"60","value":"70"},{"id":"61","value":"71"},{"id":"62","value":"72"},{"id":"63","value":"73"},{"id":"64","value":"44"},{"id":"66","value":"75"},{"id":"67","value":"92"},{"id":"68","value":"93"},{"id":"69","value":"94"},{"id":"70","value":"105"},{"id":"71","value":"106"},{"id":"72","value":"109"},{"id":"73","value":"126"},{"id":"74","value":"127"},{"id":"75","value":"128"},{"id":"76","value":"129"},{"id":"77","value":"130"},{"id":"79","value":"132"},{"id":"80","value":"133"},{"id":"81","value":"134"},{"id":"82","value":"136"},{"id":"83","value":"137"},{"id":"84","value":"139"},{"id":"85","value":"144"},{"id":"86","value":"145"},{"id":"87","value":"152"},{"id":"88","value":"153"},{"id":"89","value":"159"},{"id":"90","value":"160"},{"id":"91","value":"164"},{"id":"92","value":"168"},{"id":"93","value":"169"},{"id":"94","value":"170"},{"id":"95","value":"171"},{"id":"96","value":"178"},{"id":"97","value":"179"},{"id":"98","value":"180"},{"id":"99","value":"181"},{"id":"100","value":"182"},{"id":"101","value":"183"},{"id":"102","value":"185"},{"id":"103","value":"186"},{"id":"104","value":"187"},{"id":"105","value":"188"},{"id":"106","value":"189"},{"id":"107","value":"190"},{"id":"108","value":"191"},{"id":"109","value":"192"},{"id":"110","value":"193"},{"id":"111","value":"194"},{"id":"112","value":"196"},{"id":"113","value":"197"},{"id":"114","value":"198"},{"id":"115","value":"199"},{"id":"116","value":"200"},{"id":"117","value":"201"},{"id":"118","value":"202"},{"id":"119","value":"203"},{"id":"120","value":"206"},{"id":"121","value":"207"},{"id":"122","value":"208"},{"id":"123","value":"209"},{"id":"124","value":"210"},{"id":"125","value":"211"},{"id":"126","value":"212"},{"id":"127","value":"213"},{"id":"128","value":"214"},{"id":"129","value":"218"},{"id":"130","value":"219"},{"id":"131","value":"220"},{"id":"132","value":"221"},{"id":"133","value":"222"},{"id":"134","value":"223"},{"id":"135","value":"225"},{"id":"136","value":"226"},{"id":"137","value":"231"},{"id":"138","value":"232"},{"id":"142","value":"234"},{"id":"143","value":"238"},{"id":"144","value":"239"},{"id":"145","value":"243"},{"id":"146","value":"245"},{"id":"147","value":"246"},{"id":"148","value":"247"}]},{"id":"CarryItem","state":"cri","precedence":205,"geometryType":"vertical","activePartSet":"handRight","assetPartDefinition":"crr","params":[{"id":"default","value":"1"},{"id":"1","value":"6"},{"id":"3","value":"2"},{"id":"4","value":"3"},{"id":"8","value":"6"},{"id":"9","value":"6"},{"id":"10","value":"6"},{"id":"11","value":"6"},{"id":"12","value":"6"},{"id":"13","value":"6"},{"id":"14","value":"6"},{"id":"15","value":"6"},{"id":"16","value":"6"},{"id":"17","value":"6"},{"id":"18","value":"1"},{"id":"19","value":"5"},{"id":"20","value":"75"},{"id":"21","value":"4"},{"id":"22","value":"7"},{"id":"23","value":"8"},{"id":"24","value":"667"},{"id":"25","value":"9"},{"id":"26","value":"33"},{"id":"27","value":"6"},{"id":"28","value":"42"},{"id":"29","value":"43"},{"id":"30","value":"44"},{"id":"31","value":"45"},{"id":"32","value":"45"},{"id":"33","value":"5"},{"id":"34","value":"46"},{"id":"35","value":"47"},{"id":"36","value":"50"},{"id":"37","value":"51"},{"id":"38","value":"52"},{"id":"39","value":"53"},{"id":"40","value":"54"},{"id":"41","value":"6"},{"id":"42","value":"48"},{"id":"43","value":"55"},{"id":"44","value":"56"},{"id":"45","value":"57"},{"id":"46","value":"58"},{"id":"47","value":"59"},{"id":"48","value":"60"},{"id":"49","value":"61"},{"id":"50","value":"62"},{"id":"51","value":"63"},{"id":"52","value":"64"},{"id":"53","value":"65"},{"id":"54","value":"66"},{"id":"55","value":"67"},{"id":"56","value":"64"},{"id":"57","value":"43"},{"id":"58","value":"68"},{"id":"59","value":"69"},{"id":"60","value":"70"},{"id":"61","value":"71"},{"id":"62","value":"72"},{"id":"63","value":"73"},{"id":"64","value":"44"},{"id":"66","value":"75"},{"id":"67","value":"92"},{"id":"68","value":"93"},{"id":"69","value":"94"},{"id":"70","value":"105"},{"id":"71","value":"106"},{"id":"72","value":"109"},{"id":"73","value":"126"},{"id":"74","value":"127"},{"id":"75","value":"128"},{"id":"76","value":"129"},{"id":"77","value":"130"},{"id":"79","value":"132"},{"id":"80","value":"133"},{"id":"81","value":"134"},{"id":"82","value":"136"},{"id":"83","value":"137"},{"id":"84","value":"139"},{"id":"85","value":"144"},{"id":"86","value":"145"},{"id":"87","value":"152"},{"id":"88","value":"153"},{"id":"89","value":"159"},{"id":"90","value":"160"},{"id":"91","value":"164"},{"id":"92","value":"168"},{"id":"93","value":"169"},{"id":"94","value":"170"},{"id":"95","value":"171"},{"id":"96","value":"178"},{"id":"97","value":"179"},{"id":"98","value":"180"},{"id":"99","value":"181"},{"id":"100","value":"182"},{"id":"101","value":"183"},{"id":"102","value":"185"},{"id":"103","value":"186"},{"id":"104","value":"187"},{"id":"105","value":"188"},{"id":"106","value":"189"},{"id":"107","value":"190"},{"id":"108","value":"191"},{"id":"109","value":"192"},{"id":"110","value":"193"},{"id":"111","value":"194"},{"id":"112","value":"196"},{"id":"113","value":"197"},{"id":"114","value":"198"},{"id":"115","value":"199"},{"id":"116","value":"200"},{"id":"117","value":"201"},{"id":"118","value":"202"},{"id":"119","value":"203"},{"id":"120","value":"206"},{"id":"121","value":"207"},{"id":"122","value":"208"},{"id":"123","value":"209"},{"id":"124","value":"210"},{"id":"125","value":"211"},{"id":"126","value":"212"},{"id":"127","value":"213"},{"id":"128","value":"214"},{"id":"129","value":"218"},{"id":"130","value":"219"},{"id":"131","value":"220"},{"id":"132","value":"221"},{"id":"133","value":"222"},{"id":"134","value":"223"},{"id":"135","value":"225"},{"id":"136","value":"226"},{"id":"137","value":"231"},{"id":"138","value":"232"},{"id":"1000","value":"76"},{"id":"1001","value":"77"},{"id":"1002","value":"78"},{"id":"1003","value":"79"},{"id":"1004","value":"80"},{"id":"1005","value":"81"},{"id":"1006","value":"82"},{"id":"1007","value":"83"},{"id":"1008","value":"84"},{"id":"1009","value":"85"},{"id":"1011","value":"87"},{"id":"1013","value":"89"},{"id":"1014","value":"90"},{"id":"1015","value":"91"},{"id":"1019","value":"95"},{"id":"1021","value":"97"},{"id":"1022","value":"98"},{"id":"1023","value":"99"},{"id":"1024","value":"100"},{"id":"1025","value":"101"},{"id":"1026","value":"102"},{"id":"1027","value":"103"},{"id":"1028","value":"107"},{"id":"1029","value":"108"},{"id":"1030","value":"110"},{"id":"1031","value":"111"},{"id":"1032","value":"112"},{"id":"1033","value":"113"},{"id":"1034","value":"114"},{"id":"1035","value":"115"},{"id":"1036","value":"116"},{"id":"1037","value":"117"},{"id":"1038","value":"118"},{"id":"1039","value":"119"},{"id":"1040","value":"120"},{"id":"1041","value":"121"},{"id":"1042","value":"122"},{"id":"1043","value":"123"},{"id":"1044","value":"124"},{"id":"1045","value":"125"},{"id":"1046","value":"131"},{"id":"1047","value":"135"},{"id":"1048","value":"138"},{"id":"1049","value":"140"},{"id":"1050","value":"141"},{"id":"1051","value":"142"},{"id":"1052","value":"143"},{"id":"1053","value":"146"},{"id":"1054","value":"147"},{"id":"1055","value":"148"},{"id":"1056","value":"149"},{"id":"1057","value":"150"},{"id":"1058","value":"151"},{"id":"1059","value":"154"},{"id":"1060","value":"74"},{"id":"1061","value":"155"},{"id":"1062","value":"156"},{"id":"1063","value":"157"},{"id":"1064","value":"158"},{"id":"1065","value":"161"},{"id":"1066","value":"162"},{"id":"1067","value":"163"},{"id":"1068","value":"165"},{"id":"1069","value":"166"},{"id":"1070","value":"167"},{"id":"1071","value":"172"},{"id":"1072","value":"173"},{"id":"1073","value":"174"},{"id":"1074","value":"175"},{"id":"1075","value":"176"},{"id":"1076","value":"177"},{"id":"1077","value":"184"},{"id":"1078","value":"195"},{"id":"1079","value":"204"},{"id":"1080","value":"205"},{"id":"1081","value":"215"},{"id":"1082","value":"216"},{"id":"1083","value":"217"},{"id":"1084","value":"224"},{"id":"1085","value":"227"},{"id":"1086","value":"228"},{"id":"1087","value":"229"},{"id":"1088","value":"230"},{"id":"1089","value":"233"},{"id":"1090","value":"235"},{"id":"1091","value":"236"},{"id":"1092","value":"237"},{"id":"1093","value":"240"},{"id":"1094","value":"241"},{"id":"1095","value":"242"},{"id":"1096","value":"244"},{"id":"999999999","value":"-1"}]},{"id":"Talk","state":"talk","precedence":500,"geometryType":"vertical","activePartSet":"speak","assetPartDefinition":"spk","lay":"lsp"},{"id":"Gesture","state":"gest","precedence":510,"geometryType":"vertical","activePartSet":"gesture","assetPartDefinition":"USE_PARAMETER"},{"id":"GestureSmile","state":"sml","precedence":510,"geometryType":"vertical","activePartSet":"gesture","assetPartDefinition":"sml","lay":"lsm"},{"id":"GestureSad","state":"sad","precedence":510,"geometryType":"vertical","activePartSet":"gesture","assetPartDefinition":"sad","lay":"lsa"},{"id":"GestureAngry","state":"agr","precedence":510,"geometryType":"vertical","activePartSet":"gesture","assetPartDefinition":"agr","lay":"lag"},{"id":"GestureSurprised","state":"srp","precedence":510,"geometryType":"vertical","activePartSet":"gesture","assetPartDefinition":"srp","lay":"lsr"},{"id":"Sleep","state":"sleep","precedence":520,"geometryType":"vertical","activePartSet":"eye","preventHeadTurn":true,"assetPartDefinition":"eyb","lay":"ley"},{"id":"Move","state":"mv","precedence":600,"geometryType":"vertical","activePartSet":"walk","assetPartDefinition":"wlk","prevents":["Sleep"]},{"id":"Default","state":"std","precedence":1000,"main":true,"isDefault":true,"geometryType":"vertical","activePartSet":"figure","assetPartDefinition":"std"},{"id":"Snowboard360","state":"sb360","precedence":140,"animation":1,"main":1,"geometryType":"vertical","activePartSet":"figure","assetPartDefinition":"sb360","startFromFrameZero":true,"prevents":["usei","cri","wave","sign"]},{"id":"SnowboardOllie","state":"sbollie","precedence":141,"animation":1,"main":1,"geometryType":"vertical","activePartSet":"figure","assetPartDefinition":"sbollie","startFromFrameZero":true,"prevents":["usei","cri","wave","sign"]},{"id":"SnowboardUp","state":"sbup","precedence":142,"animation":1,"main":1,"geometryType":"vertical","activePartSet":"figure","assetPartDefinition":"std","startFromFrameZero":true},{"id":"SnowboardSquat","state":"sbsq","precedence":143,"animation":1,"main":1,"geometryType":"vertical","activePartSet":"figure","assetPartDefinition":"std","startFromFrameZero":true},{"id":"RideJump","state":"ridejump","precedence":144,"animation":1,"main":1,"geometryType":"vertical","activePartSet":"figure","assetPartDefinition":"std","startFromFrameZero":true}],"actionOffsets":[{"action":"lay","offsets":[{"size":"h","direction":4,"x":-17,"y":17,"z":-0.9},{"size":"h","direction":2,"x":22,"y":17,"z":-0.9},{"size":"sh","direction":4,"x":-5,"y":16,"z":-0.9},{"size":"sh","direction":2,"x":9,"y":16,"z":-0.9}]}]}
